{
  "bleu1": 50.08438818565401,
  "bleu2": 29.38415313878829,
  "bleu3": 44.560976360885675,
  "bleu4": 10.619089899973881
}